{
  "version": "v1",
  "section_fit": {
    "Definitions": [
      "definition",
      "means",
      "shall mean",
      "as used herein",
      "defined term"
    ],
    "Scope of Work": [
      "scope",
      "services",
      "work",
      "deliverable",
      "statement of work",
      "sow",
      "perform",
      "performance",
      "tasks",
      "milestone"
    ],
    "Payment": [
      "payment",
      "fee",
      "compensation",
      "invoice",
      "billing",
      "payable",
      "due",
      "net",
      "rates",
      "pricing",
      "expenses",
      "reimbursement"
    ],
    "Insurance": [
      "insurance",
      "insured",
      "coverage",
      "policy",
      "certificate",
      "coi",
      "limits",
      "liability insurance",
      "workers' compensation",
      "auto liability",
      "professional liability",
      "umbrella",
      "additional insured"
    ],
    "Indemnification": [
      "indemnify",
      "indemnification",
      "hold harmless",
      "defend",
      "liabilities",
      "claims",
      "losses",
      "damages",
      "third party",
      "defence costs",
      "defense costs"
    ],
    "Termination": [
      "terminate",
      "termination",
      "for cause",
      "for convenience",
      "notice",
      "cure period",
      "suspension",
      "effect of termination",
      "survive",
      "survival"
    ],
    "Confidentiality": [
      "confidential",
      "non-disclosure",
      "nda",
      "proprietary",
      "trade secret",
      "confidential information"
    ],
    "Intellectual Property": [
      "intellectual property",
      "ip",
      "ownership",
      "license",
      "licence",
      "assign",
      "assignment",
      "inventions",
      "work product",
      "deliverables",
      "background ip",
      "foreground ip",
      "patent",
      "copyright",
      "trademark"
    ],
    "Governing Law": [
      "governing law",
      "jurisdiction",
      "venue",
      "choice of law",
      "forum",
      "state"
    ],
    "Dispute Resolution": [
      "dispute",
      "arbitration",
      "mediate",
      "mediation",
      "litigation",
      "aaa",
      "jams",
      "binding",
      "resolution"
    ],
    "Force Majeure": [
      "force majeure",
      "act of god",
      "beyond reasonable control",
      "epidemic",
      "pandemic",
      "war",
      "strike",
      "fire",
      "flood",
      "government order",
      "supply chain"
    ],
    "Warranties": [
      "warranty",
      "warranties",
      "representations",
      "represent",
      "guarantee",
      "conform",
      "merchantability",
      "fitness",
      "noninfringement",
      "remedy",
      "repair",
      "replace"
    ],
    "Limitation of Liability": [
      "limitation of liability",
      "liability cap",
      "consequential",
      "indirect",
      "special",
      "punitive",
      "lost profits",
      "aggregate liability",
      "cap"
    ],
    "Assignment": [
      "assign",
      "assignment",
      "transfer",
      "subcontract",
      "successors",
      "assigns",
      "consent"
    ],
    "Change Orders": [
      "change order",
      "amend",
      "amendment",
      "modification",
      "variation",
      "scope change"
    ],
    "Compliance": [
      "comply",
      "compliance",
      "laws",
      "regulations",
      "anti-corruption",
      "fcpa",
      "ofac",
      "sanction",
      "export control",
      "privacy",
      "hipaa",
      "gdpr",
      "data protection"
    ],
    "Audit": [
      "audit",
      "inspection",
      "records",
      "books",
      "access",
      "right to examine"
    ],
    "Schedule": [
      "schedule",
      "timeline",
      "delivery",
      "due date",
      "completion",
      "deadline"
    ]
  }
}