{
  "Version": "2012-10-17",
  "Statement": [
    {
      "Effect": "Allow",
      "Action": ["logs:CreateLogGroup", "logs:CreateLogStream", "logs:PutLogEvents"],
      "Resource": "arn:aws:logs:${AWS_REGION}:${AWS_ACCOUNT_ID}:log-group:/aws/lambda/${LAMBDA_NAME}:*"
    },
    {
      "Effect": "Allow",
      "Action": ["s3:GetObject", "s3:HeadObject"],
      "Resource": "arn:aws:s3:::cr2a-upload"
    },
    {
      "Effect": "Allow",
      "Action": ["s3:PutObject", "s3:GetObject", "s3:DeleteObject", "s3:HeadObject"],
      "Resource": "arn:aws:s3:::${OUTPUT_BUCKET}/*"
    },
    {
      "Effect": "Allow",
      "Action": [
        "secretsmanager:GetSecretValue"
      ],
      "Resource": "arn:aws:secretsmanager:us-east-1:ACCOUNT_ID:secret:cr2a/openai-api-key-*"
    }
  ]
}