{
  "template_path": "", 
  "fields": {
    "SECTION_I": {
      "PROJECT TITLE:": "section_i_project_title",
      "SOLICITATION NO.:": "section_i_solicitation_no",
      "OWNER:": "section_i_owner",
      "CONTRACTOR:": "section_i_contractor",
      "SCOPE:": "section_i_scope",
      "GENERAL RISK LEVEL:": "section_i_general_risk_level",
      "BID MODEL:": "section_i_bid_model",
      "NOTES:": "section_i_notes"
    },
    "SECTION_II": {
      "item_title": "section_{section}_{item_index}_title",
      "closing_line": "section_{section}_{item_index}_closing_line",
      "clauses": {
        "Clause Language": "section_{section}_{item_index}_{clause_index}_language",
        "Clause Summary": "section_{section}_{item_index}_{clause_index}_summary",
        "Risk Triggers Identified": "section_{section}_{item_index}_{clause_index}_risk_triggers",
        "Flow-Down Obligations": "section_{section}_{item_index}_{clause_index}_flow_down",
        "Redline Recommendations": "section_{section}_{item_index}_{clause_index}_redlines",
        "Harmful Language / Policy Conflicts": "section_{section}_{item_index}_{clause_index}_conflicts"
      }
    },
    "SECTION_III": {
      "item_title": "section_{section}_{item_index}_title",
      "closing_line": "section_{section}_{item_index}_closing_line",
      "clauses": {
        "Clause Language": "section_{section}_{item_index}_{clause_index}_language",
        "Clause Summary": "section_{section}_{item_index}_{clause_index}_summary",
        "Risk Triggers Identified": "section_{section}_{item_index}_{clause_index}_risk_triggers",
        "Flow-Down Obligations": "section_{section}_{item_index}_{clause_index}_flow_down",
        "Redline Recommendations": "section_{section}_{item_index}_{clause_index}_redlines",
        "Harmful Language / Policy Conflicts": "section_{section}_{item_index}_{clause_index}_conflicts"
      }
    },
    "SECTION_IV": {
      "item_title": "section_{section}_{item_index}_title",
      "closing_line": "section_{section}_{item_index}_closing_line",
      "clauses": {
        "Clause Language": "section_{section}_{item_index}_{clause_index}_language",
        "Clause Summary": "section_{section}_{item_index}_{clause_index}_summary",
        "Risk Triggers Identified": "section_{section}_{item_index}_{clause_index}_risk_triggers",
        "Flow-Down Obligations": "section_{section}_{item_index}_{clause_index}_flow_down",
        "Redline Recommendations": "section_{section}_{item_index}_{clause_index}_redlines",
        "Harmful Language / Policy Conflicts": "section_{section}_{item_index}_{clause_index}_conflicts"
      }
    },
    "SECTION_V": {
      "item_title": "section_{section}_{item_index}_title",
      "closing_line": "section_{section}_{item_index}_closing_line",
      "clauses": {
        "Clause Language": "section_{section}_{item_index}_{clause_index}_language",
        "Clause Summary": "section_{section}_{item_index}_{clause_index}_summary",
        "Risk Triggers Identified": "section_{section}_{item_index}_{clause_index}_risk_triggers",
        "Flow-Down Obligations": "section_{section}_{item_index}_{clause_index}_flow_down",
        "Redline Recommendations": "section_{section}_{item_index}_{clause_index}_redlines",
        "Harmful Language / Policy Conflicts": "section_{section}_{item_index}_{clause_index}_conflicts"
      }
    },
    "SECTION_VI": {
      "item_title": "section_{section}_{item_index}_title",
      "closing_line": "section_{section}_{item_index}_closing_line",
      "clauses": {
        "Clause Language": "section_{section}_{item_index}_{clause_index}_language",
        "Clause Summary": "section_{section}_{item_index}_{clause_index}_summary",
        "Risk Triggers Identified": "section_{section}_{item_index}_{clause_index}_risk_triggers",
        "Flow-Down Obligations": "section_{section}_{item_index}_{clause_index}_flow_down",
        "Redline Recommendations": "section_{section}_{item_index}_{clause_index}_redlines",
        "Harmful Language / Policy Conflicts": "section_{section}_{item_index}_{clause_index}_conflicts"
      }
    }
  }
}